Stock 1,Stock 2
ACC , ADANIPORTS
ACC , AMBUJACEM
ACC , APOLLOHOSP
ACC , BPCL
ACC , BHARTIARTL
ACC , INFRATEL
ACC , CONCOR
ACC , DLF
ACC , EICHERMOT
ACC , EXIDEIND
ACC , GAIL
ACC , GRASIM
ACC , HINDPETRO
ACC , IGL
ACC , INDIGO
ACC , LT
ACC , PETRONET
ACC , POWERGRID
ACC , RELIANCE
ACC , SIEMENS
ACC , RAMCOCEM
ADANIPORTS , AMBUJACEM
ADANIPORTS , APOLLOHOSP
ADANIPORTS , BPCL
ADANIPORTS , BHARTIARTL
ADANIPORTS , INFRATEL
ADANIPORTS , CONCOR
ADANIPORTS , DLF
ADANIPORTS , EICHERMOT
ADANIPORTS , EXIDEIND
ADANIPORTS , GAIL
ADANIPORTS , GRASIM
ADANIPORTS , HINDPETRO
ADANIPORTS , IGL
ADANIPORTS , INDIGO
ADANIPORTS , LT
ADANIPORTS , PETRONET
ADANIPORTS , POWERGRID
ADANIPORTS , RELIANCE
ADANIPORTS , SIEMENS
ADANIPORTS , RAMCOCEM
AMBUJACEM , APOLLOHOSP
AMBUJACEM , BPCL
AMBUJACEM , BHARTIARTL
AMBUJACEM , INFRATEL
AMBUJACEM , CONCOR
AMBUJACEM , DLF
AMBUJACEM , EICHERMOT
AMBUJACEM , EXIDEIND
AMBUJACEM , GAIL
AMBUJACEM , GRASIM
AMBUJACEM , HINDPETRO
AMBUJACEM , IGL
AMBUJACEM , INDIGO
AMBUJACEM , LT
AMBUJACEM , PETRONET
AMBUJACEM , POWERGRID
AMBUJACEM , RELIANCE
AMBUJACEM , SIEMENS
AMBUJACEM , RAMCOCEM
APOLLOHOSP , BPCL
APOLLOHOSP , BHARTIARTL
APOLLOHOSP , INFRATEL
APOLLOHOSP , CONCOR
APOLLOHOSP , DLF
APOLLOHOSP , EICHERMOT
APOLLOHOSP , EXIDEIND
APOLLOHOSP , GAIL
APOLLOHOSP , GRASIM
APOLLOHOSP , HINDPETRO
APOLLOHOSP , IGL
APOLLOHOSP , INDIGO
APOLLOHOSP , LT
APOLLOHOSP , PETRONET
APOLLOHOSP , POWERGRID
APOLLOHOSP , RELIANCE
APOLLOHOSP , SIEMENS
APOLLOHOSP , RAMCOCEM
BHARTIARTL , BPCL
BPCL , INFRATEL
BPCL , CONCOR
BPCL , DLF
BPCL , EICHERMOT
BPCL , EXIDEIND
BPCL , GAIL
BPCL , GRASIM
BPCL , HINDPETRO
BPCL , IGL
BPCL , INDIGO
BPCL , LT
BPCL , PETRONET
BPCL , POWERGRID
BPCL , RELIANCE
BPCL , SIEMENS
BPCL , RAMCOCEM
BHARTIARTL , INFRATEL
BHARTIARTL , CONCOR
BHARTIARTL , DLF
BHARTIARTL , EICHERMOT
BHARTIARTL , EXIDEIND
BHARTIARTL , GAIL
BHARTIARTL , GRASIM
BHARTIARTL , HINDPETRO
BHARTIARTL , IGL
BHARTIARTL , INDIGO
BHARTIARTL , LT
BHARTIARTL , PETRONET
BHARTIARTL , POWERGRID
BHARTIARTL , RELIANCE
BHARTIARTL , SIEMENS
BHARTIARTL , RAMCOCEM
CONCOR , INFRATEL
DLF , INFRATEL
EICHERMOT , INFRATEL
EXIDEIND , INFRATEL
GAIL , INFRATEL
GRASIM , INFRATEL
HINDPETRO , INFRATEL
IGL , INFRATEL
INDIGO , INFRATEL
INFRATEL , LT
INFRATEL , PETRONET
INFRATEL , POWERGRID
INFRATEL , RELIANCE
INFRATEL , SIEMENS
INFRATEL , RAMCOCEM
CONCOR , DLF
CONCOR , EICHERMOT
CONCOR , EXIDEIND
CONCOR , GAIL
CONCOR , GRASIM
CONCOR , HINDPETRO
CONCOR , IGL
CONCOR , INDIGO
CONCOR , LT
CONCOR , PETRONET
CONCOR , POWERGRID
CONCOR , RELIANCE
CONCOR , SIEMENS
CONCOR , RAMCOCEM
DLF , EICHERMOT
DLF , EXIDEIND
DLF , GAIL
DLF , GRASIM
DLF , HINDPETRO
DLF , IGL
DLF , INDIGO
DLF , LT
DLF , PETRONET
DLF , POWERGRID
DLF , RELIANCE
DLF , SIEMENS
DLF , RAMCOCEM
EICHERMOT , EXIDEIND
EICHERMOT , GAIL
EICHERMOT , GRASIM
EICHERMOT , HINDPETRO
EICHERMOT , IGL
EICHERMOT , INDIGO
EICHERMOT , LT
EICHERMOT , PETRONET
EICHERMOT , POWERGRID
EICHERMOT , RELIANCE
EICHERMOT , SIEMENS
EICHERMOT , RAMCOCEM
EXIDEIND , GAIL
EXIDEIND , GRASIM
EXIDEIND , HINDPETRO
EXIDEIND , IGL
EXIDEIND , INDIGO
EXIDEIND , LT
EXIDEIND , PETRONET
EXIDEIND , POWERGRID
EXIDEIND , RELIANCE
EXIDEIND , SIEMENS
EXIDEIND , RAMCOCEM
GAIL , GRASIM
GAIL , HINDPETRO
GAIL , IGL
GAIL , INDIGO
GAIL , LT
GAIL , PETRONET
GAIL , POWERGRID
GAIL , RELIANCE
GAIL , SIEMENS
GAIL , RAMCOCEM
GRASIM , HINDPETRO
GRASIM , IGL
GRASIM , INDIGO
GRASIM , LT
GRASIM , PETRONET
GRASIM , POWERGRID
GRASIM , RELIANCE
GRASIM , SIEMENS
GRASIM , RAMCOCEM
HINDPETRO , IGL
HINDPETRO , INDIGO
HINDPETRO , LT
HINDPETRO , PETRONET
HINDPETRO , POWERGRID
HINDPETRO , RELIANCE
HINDPETRO , SIEMENS
HINDPETRO , RAMCOCEM
IGL , INDIGO
IGL , LT
IGL , PETRONET
IGL , POWERGRID
IGL , RELIANCE
IGL , SIEMENS
IGL , RAMCOCEM
INDIGO , LT
INDIGO , PETRONET
INDIGO , POWERGRID
INDIGO , RELIANCE
INDIGO , SIEMENS
INDIGO , RAMCOCEM
LT , PETRONET
LT , POWERGRID
LT , RELIANCE
LT , SIEMENS
LT , RAMCOCEM
PETRONET , POWERGRID
PETRONET , RELIANCE
PETRONET , SIEMENS
PETRONET , RAMCOCEM
POWERGRID , RELIANCE
POWERGRID , SIEMENS
POWERGRID , RAMCOCEM
RELIANCE , SIEMENS
RAMCOCEM , RELIANCE
RAMCOCEM , SIEMENS